{
  "Logistic_Regression": {
    "training_time": 5.805617,
    "train_metrics": {
      "accuracy": 0.9823897954858536,
      "precision": 0.9904782427172698,
      "recall": 0.9741443255271802,
      "f1_score": 0.9822433838407447,
      "roc_auc": 0.998474508662364,
      "specificity": 0.9906352654445268,
      "npv": 0.97456379249684,
      "fraud_detection_rate": 0.9741443255271802,
      "false_alarm_rate": 0.009364734555473138,
      "confusion_matrix": [
        [
          149578,
          1414
        ],
        [
          3904,
          147088
        ]
      ],
      "tp": 147088,
      "tn": 149578,
      "fp": 1414,
      "fn": 3904
    },
    "val_metrics": {
      "accuracy": 0.9907554356451357,
      "precision": 0.12667946257197696,
      "recall": 0.8571428571428571,
      "f1_score": 0.22073578595317725,
      "roc_auc": 0.9697152899751695,
      "specificity": 0.9909598458206672,
      "npv": 0.9997795016737827,
      "fraud_detection_rate": 0.8571428571428571,
      "false_alarm_rate": 0.009040154179332818,
      "confusion_matrix": [
        [
          49876,
          455
        ],
        [
          11,
          66
        ]
      ],
      "tp": 66,
      "tn": 49876,
      "fp": 455,
      "fn": 11
    },
    "test_metrics": {
      "accuracy": 0.9901009740324148,
      "precision": 0.12852112676056338,
      "recall": 0.948051948051948,
      "f1_score": 0.22635658914728682,
      "roc_auc": 0.9808020200414702,
      "specificity": 0.9901653023921163,
      "npv": 0.9999197447884272,
      "fraud_detection_rate": 0.948051948051948,
      "false_alarm_rate": 0.009834697607883653,
      "confusion_matrix": [
        [
          49837,
          495
        ],
        [
          4,
          73
        ]
      ],
      "tp": 73,
      "tn": 49837,
      "fp": 495,
      "fn": 4
    },
    "cv_metrics": {
      "cv_accuracy_mean": 0.9818930801860624,
      "cv_accuracy_std": 0.00028208970888970845,
      "cv_precision_mean": 0.9905020127417773,
      "cv_precision_std": 0.00036351840604467055,
      "cv_recall_mean": 0.9731177701896229,
      "cv_recall_std": 0.0007602534517213136,
      "cv_f1_mean": 0.9817326578414193,
      "cv_f1_std": 0.000292085120154637,
      "cv_roc_auc_mean": 0.9984167493163255,
      "cv_roc_auc_std": 5.9220346980969746e-05
    }
  },
  "Random_Forest": {
    "training_time": 23.927538,
    "train_metrics": {
      "accuracy": 0.997556161915863,
      "precision": 0.9994814174589456,
      "recall": 0.9956289074917877,
      "f1_score": 0.9975514429234046,
      "roc_auc": 0.9999697345239484,
      "specificity": 0.9994834163399385,
      "npv": 0.9956456912135326,
      "fraud_detection_rate": 0.9956289074917877,
      "false_alarm_rate": 0.0005165836600614602,
      "confusion_matrix": [
        [
          150914,
          78
        ],
        [
          660,
          150332
        ]
      ],
      "tp": 150332,
      "tn": 150914,
      "fp": 78,
      "fn": 660
    },
    "val_metrics": {
      "accuracy": 0.9992659895254722,
      "precision": 0.7272727272727273,
      "recall": 0.8311688311688312,
      "f1_score": 0.7757575757575758,
      "roc_auc": 0.9754456665704208,
      "specificity": 0.9995231567026286,
      "npv": 0.999741653418124,
      "fraud_detection_rate": 0.8311688311688312,
      "false_alarm_rate": 0.00047684329737140134,
      "confusion_matrix": [
        [
          50307,
          24
        ],
        [
          13,
          64
        ]
      ],
      "tp": 64,
      "tn": 50307,
      "fp": 24,
      "fn": 13
    },
    "test_metrics": {
      "accuracy": 0.9991469777222322,
      "precision": 0.6634615384615384,
      "recall": 0.8961038961038961,
      "f1_score": 0.7624309392265194,
      "roc_auc": 0.9874908529442424,
      "specificity": 0.9993046173408567,
      "npv": 0.9998409700824967,
      "fraud_detection_rate": 0.8961038961038961,
      "false_alarm_rate": 0.0006953826591432886,
      "confusion_matrix": [
        [
          50297,
          35
        ],
        [
          8,
          69
        ]
      ],
      "tp": 69,
      "tn": 50297,
      "fp": 35,
      "fn": 8
    },
    "cv_metrics": {
      "cv_accuracy_mean": 0.997466755069526,
      "cv_accuracy_std": 0.00047940584791224624,
      "cv_precision_mean": 0.9993352667348679,
      "cv_precision_std": 9.363492878339292e-05,
      "cv_recall_mean": 0.995595796223791,
      "cv_recall_std": 0.0009883258738835764,
      "cv_f1_mean": 0.9974617624507222,
      "cv_f1_std": 0.0004816240513540469,
      "cv_roc_auc_mean": 0.9999526677692332,
      "cv_roc_auc_std": 8.41771211089113e-06
    }
  }
}