{
  "Logistic_Regression": {
    "training_time": 8.965957,
    "train_metrics": {
      "accuracy": 0.9702853056175955,
      "precision": 0.9813866970687948,
      "recall": 0.9587546676514899,
      "f1_score": 0.9699386794131252,
      "roc_auc": 0.9942627570121392,
      "specificity": 0.9818159435837012,
      "npv": 0.9596843968989761,
      "fraud_detection_rate": 0.9587546676514899,
      "false_alarm_rate": 0.018184056416298822,
      "confusion_matrix": [
        [
          167487,
          3102
        ],
        [
          7036,
          163553
        ]
      ],
      "tp": 163553,
      "tn": 167487,
      "fp": 3102,
      "fn": 7036
    },
    "val_metrics": {
      "accuracy": 0.9703937534073123,
      "precision": 0.9808369885669087,
      "recall": 0.9595343193289133,
      "f1_score": 0.9700687166084397,
      "roc_auc": 0.9944358969749475,
      "specificity": 0.9812531874857112,
      "npv": 0.9603945058349685,
      "fraud_detection_rate": 0.9595343193289133,
      "false_alarm_rate": 0.018746812514288728,
      "confusion_matrix": [
        [
          55797,
          1066
        ],
        [
          2301,
          54562
        ]
      ],
      "tp": 54562,
      "tn": 55797,
      "fp": 1066,
      "fn": 2301
    },
    "test_metrics": {
      "accuracy": 0.9708158204808047,
      "precision": 0.9809398914957065,
      "recall": 0.9602905228355872,
      "f1_score": 0.9705053808351625,
      "roc_auc": 0.9943296648606692,
      "specificity": 0.9813411181260222,
      "npv": 0.9611091973820186,
      "fraud_detection_rate": 0.9602905228355872,
      "false_alarm_rate": 0.018658881873977805,
      "confusion_matrix": [
        [
          55802,
          1061
        ],
        [
          2258,
          54605
        ]
      ],
      "tp": 54605,
      "tn": 55802,
      "fp": 1061,
      "fn": 2258
    },
    "cv_metrics": {
      "cv_accuracy_mean": 0.9702325475926928,
      "cv_accuracy_std": 0.0003053247409150452,
      "cv_precision_mean": 0.9813748329231758,
      "cv_precision_std": 0.0010096778198974523,
      "cv_recall_mean": 0.9586608688459906,
      "cv_recall_std": 0.0007807943293089449,
      "cv_f1_mean": 0.9698841424505911,
      "cv_f1_std": 0.00029893272698942457,
      "cv_roc_auc_mean": 0.994253101827249,
      "cv_roc_auc_std": 0.000132166065876557
    }
  },
  "Random_Forest": {
    "training_time": 37.466155,
    "train_metrics": {
      "accuracy": 0.9852217903850776,
      "precision": 0.9989812219308557,
      "recall": 0.9714342659843249,
      "f1_score": 0.985015186908944,
      "roc_auc": 0.9995245700532103,
      "specificity": 0.9990093147858302,
      "npv": 0.9722008294683758,
      "fraud_detection_rate": 0.9714342659843249,
      "false_alarm_rate": 0.0009906852141697295,
      "confusion_matrix": [
        [
          170420,
          169
        ],
        [
          4873,
          165716
        ]
      ],
      "tp": 165716,
      "tn": 170420,
      "fp": 169,
      "fn": 4873
    },
    "val_metrics": {
      "accuracy": 0.9853155830680759,
      "precision": 0.9988791872299655,
      "recall": 0.9717215060760073,
      "f1_score": 0.9851132109110359,
      "roc_auc": 0.9994430232660094,
      "specificity": 0.9989096600601446,
      "npv": 0.9724699960622507,
      "fraud_detection_rate": 0.9717215060760073,
      "false_alarm_rate": 0.001090339939855442,
      "confusion_matrix": [
        [
          56801,
          62
        ],
        [
          1608,
          55255
        ]
      ],
      "tp": 55255,
      "tn": 56801,
      "fp": 62,
      "fn": 1608
    },
    "test_metrics": {
      "accuracy": 0.9846209310096196,
      "precision": 0.9986067887385105,
      "recall": 0.9705959938800275,
      "f1_score": 0.9844021724589989,
      "roc_auc": 0.9994022913835708,
      "specificity": 0.9986458681392117,
      "npv": 0.9713982688425878,
      "fraud_detection_rate": 0.9705959938800275,
      "false_alarm_rate": 0.0013541318607882102,
      "confusion_matrix": [
        [
          56786,
          77
        ],
        [
          1672,
          55191
        ]
      ],
      "tp": 55191,
      "tn": 56786,
      "fp": 77,
      "fn": 1672
    },
    "cv_metrics": {
      "cv_accuracy_mean": 0.9850371377578357,
      "cv_accuracy_std": 0.000736110460358766,
      "cv_precision_mean": 0.9986203886474639,
      "cv_precision_std": 0.000256066584092924,
      "cv_recall_mean": 0.9714166766221037,
      "cv_recall_std": 0.0016492933172735894,
      "cv_f1_mean": 0.9848298232856223,
      "cv_f1_std": 0.000760880607552633,
      "cv_roc_auc_mean": 0.9994155719604176,
      "cv_roc_auc_std": 9.5144457624218e-05
    }
  }
}