Model,Test_Accuracy,Test_Precision,Test_Recall,Test_F1,Test_ROC_AUC,Test_Specificity,False_Alarm_Rate,CV_F1_Mean,CV_F1_Std,CV_ROC_AUC_Mean,Training_Time
Random_Forest,0.9846209310096196,0.9986067887385105,0.9705959938800275,0.9844021724589989,0.9994022913835708,0.9986458681392117,0.0013541318607882102,0.9848298232856223,0.000760880607552633,0.9994155719604176,37.466155
Logistic_Regression,0.9708158204808047,0.9809398914957065,0.9602905228355872,0.9705053808351625,0.9943296648606692,0.9813411181260222,0.018658881873977805,0.9698841424505911,0.00029893272698942457,0.994253101827249,8.965957
