Model,Test_Accuracy,Test_Precision,Test_Recall,Test_F1,Test_ROC_AUC,Test_Specificity,False_Alarm_Rate,CV_F1_Mean,CV_F1_Std,CV_ROC_AUC_Mean,Training_Time
Random_Forest,0.9991469777222322,0.6634615384615384,0.8961038961038961,0.7624309392265194,0.9874908529442424,0.9993046173408567,0.0006953826591432886,0.9974617624507222,0.0004816240513540469,0.9999526677692332,23.927538
Logistic_Regression,0.9901009740324148,0.12852112676056338,0.948051948051948,0.22635658914728682,0.9808020200414702,0.9901653023921163,0.009834697607883653,0.9817326578414193,0.000292085120154637,0.9984167493163255,5.805617
